channel_key,display_name,group_title,tvg_id,tvg_name,logo_hint,priority,system_family,stream_url_source,stream_url
chiba_tv,チバテレ,Local Stations,chiba_tv,チバテレ,,高,DTV2/vthanhtivi,private_local_only,
tvk,tvk,Local Stations,tvk,tvk,,高,DTV2/vthanhtivi,private_local_only,
teletama,テレ玉,Local Stations,teletama,テレ玉,,高,DTV2/vthanhtivi,private_local_only,
tokyo_mx2,TOKYO MX2,Local Stations,tokyo_mx2,TOKYO MX2,,高,DTV2/vthanhtivi,private_local_only,
tss,テレビ新広島,Local Stations,tss,テレビ新広島,,中,DTV2/vthanhtivi,private_local_only,
kbs_kyoto,KBS京都,Local Stations,kbs_kyoto,KBS京都,,高,utako/luong/vthanh,private_local_only,
sun_tv,サンテレビ,Local Stations,sun_tv,サンテレビ,,高,utako/luong/vthanh,private_local_only,
mbs,MBS,Local Stations,mbs,MBS,,中,utako/luong/vthanh,private_local_only,
abc,ABC,Local Stations,abc,ABC,,中,utako/luong/vthanh,private_local_only,
ytv,YTV,Local Stations,ytv,YTV,,中,utako/luong/vthanh,private_local_only,
