station_name,region,category,primary_system,secondary_system,slug_or_id_hint,epg_id_hint,priority,decision,current_status,next_action,notes
チバテレ,千葉,地方局,DTV2/vthanhtivi,ra1n test,chibatv,chiba_tv,高,A_本命候補,要再確認,複数Git出現確認,地方局探索の本命。DTV2系を優先しra1n系は参考扱い。
tvk,神奈川,地方局,DTV2/vthanhtivi,,tvk,tvk,高,A_本命候補,要再確認,複数Git出現確認,チバテレと同じDTV2系の並びで確認。
テレ玉,埼玉,地方局,DTV2/vthanhtivi,,tvs,teletama,高,A_本命候補,要再確認,複数Git出現確認,DTV2系で優先確認。
TOKYO MX2,東京,地方局,DTV2/vthanhtivi,,mx2,tokyo_mx2,高,A_本命候補,要再確認,複数Git出現確認,MX1とは分けて管理。
テレビ新広島,広島,地方局,DTV2/vthanhtivi,,tss,tss,中,A_本命候補,要再確認,複数Git出現確認,地方局束の拡張候補。
KBS京都,京都,地方局,utako/luong/vthanh,haru blog,kbs,kbs_kyoto,高,A_本命候補,要再確認,複数Git出現確認,関西独立局として優先。
サンテレビ,兵庫,地方局,utako/luong/vthanh,haru blog,sun,sun_tv,高,A_本命候補,要再確認,複数Git出現確認,関西独立局として優先。
MBS,大阪,広域局,utako/luong/vthanh,,mbs,mbs,中,A_本命候補,要再確認,複数Git出現確認,関西広域局。権利面のためURLなし台帳で管理。
ABC,大阪,広域局,utako/luong/vthanh,,abc,abc,中,A_本命候補,要再確認,複数Git出現確認,関西広域局。URLなし台帳で管理。
YTV,大阪,広域局,utako/luong/vthanh,,ytv,ytv,中,A_本命候補,要再確認,複数Git出現確認,読売テレビ系。表記ゆれに注意。
関西テレビ,大阪,広域局,utako/luong/vthanh,,kansai_tv,kansai_tv,中,B_保留候補,追加調査,出現元追加確認,表記ゆれが多いので追加検索対象。
テレビ大阪,大阪,広域局,utako/luong/vthanh,,tv_osaka,tv_osaka,中,B_保留候補,追加調査,出現元追加確認,表記ゆれと局名略称に注意。
テレビ東京,東京,キー局,utako/luong/vthanh,,tvtokyo,tv_tokyo,低,B_保留候補,追加調査,断片確認,地方局調査の副産物として管理。
NHK G 大阪,大阪,NHK地域,akariko/sankuria,haru blog,nhk_g_osaka,nhk_g_osaka,低,B_保留候補,追加調査,断片確認,NHK地域系は別枠で扱う。
NHK G サブ,全国,NHKサブ,akariko/sankuria,,nhk_g_subch,nhk_g_subch,低,C_資料,資料のみ,参考,NHKサブチャンネルは通常採用対象外。
